state,sdca,std_code
AN,ANDAMAN ISLANDS,3192
AN,NICOBAR ISLANDS,3193
AP,ADILABAD,8732
AP,ASIFABAD,8733
AP,BELLAMPALLI,8735
AP,BHAINSA,8752
AP,BOATH (ECHODA),8751
AP,CHINNOR,8737
AP,JANNARAM (LUXITTIPET),8739
AP,KHANAPUR (AP),8730
AP,MANCHERIAL,8736
AP,NIRMAL,8734
AP,OUTSARANGAPALLE,8753
AP,SIRPURKAGAZNAGAR,8738
AP,UTNOR,8731
AP,ANANTAPUR,8554
AP,DHARMAVARAM,8559
AP,GARLADINNE,8551
AP,GOOTY (GUNTAKAL),8552
AP,HINDUPUR,8556
AP,KADIRI,8494
AP,KALYANDURG,8497
AP,KAMBADUR,8492
AP,KANAGANAPALLE,8491
AP,MADAKASIRA,8493
AP,,8498
AP,PENUKONDA,8557
AP,RAYADURG,8495
AP,TADIPATRI,8558
AP,URAVAKONDA,8496
AP,YELLANURU,8550
AP,B.KOTHAKOTA,8582
AP,BANGARUPALEM,8573
AP,CHITTOOR,8572
AP,KUPPAM,8570
AP,MADANAPALLI,8571
AP,PAKALA,8585
AP,PALMANERU,8579
AP,PILER,8584
AP,PUNGANUR,8581
AP,PUTTURU,8577
AP,SATYAVEDU,8576
AP,SODAM,8583
AP,SRIKALAHASTHI,8578
AP,TIRUPATHI,877
AP,VAYALPAD,8586
AP,VENKATGIRIKOTA,8587
AP,BADVEL,8569
AP,CUDDAPAH,8562
AP,JAMMALAMADUGU,8560
AP,,8563
AP,KODURU,8566
AP,LAKKIREDDIPALLI,8567
AP,PRODDATUR,8564
AP,PULIVENDLA,8568
AP,RAJAMPETA,8565
AP,RAYACHOTI,8561
AP,SIDDAVATTAM,8589
AP,VAIMPALLI,8588
AP,BHIMADOLE,8829
AP,BHIMAVARAM,8816
AP,CHINTALAPUDI,8823
AP,ELURU,8812
AP,JANGAREDDYGUDEM,8821
AP,KOVVUR (NIDADAVOLU),8813
AP,NARSAPUR (PALAKOLE),8814
AP,POLAVARAM,8811
AP,TADEPALLIGUDEM,8818
AP,TANUKU,8819
AP,BAPATLA,8643
AP,GUNTUR,863
AP,KROSURU,8640
AP,MANGALAGIRI,8645
AP,NARSARAOPET,8647
AP,PALNAD  (MACHERALA),8642
AP,PIDUGURALLA,8649
AP,REPALLE,8648
AP,SATTENAPALLI,8641
AP,TENALI,8644
AP,VINUKONDA,8646
AP,CHEVELLA,8417
AP,HYDERABAD LOC,40
AP,HYDERABADEAST (GHATKESWAR),8415
AP,,8413
AP,IBRAHIMPATNAM,8414
AP,MEDCHAL,8418
AP,PARGI,8412
AP,TANDURU,8411
AP,VIKRABAD,8416
AP,HUSNABAD,8721
AP,HUZURABAD,8727
AP,JAGTIAL,8724
AP,KARIMNAGAR,878
AP,MAHADEVAPUR,8720
AP,MANTHANI,8729
AP,METPALLI,8725
AP,PEDDAPALLI,8728
AP,SIRCILLA,8723
AP,ASWARAOPET,8740
AP,BHADRACHALAM,8743
AP,BHOORAGAMPHAD (MANUGURU),8746
AP,KHAMMAM,8742
AP,KOTHAGUDEM,8744
AP,MADHIRA,8749
AP,NUGURU (CHERLA),8747
AP,SATHUPALLI,8761
AP,SUDHIMALLA (TEKULAPALLI),8741
AP,V.R.PURAM,8748
AP,YELLANDU,8745
AP,ADONI,8512
AP,ALLAGADDA,8519
AP,ALUR,8523
AP,ATMAKUR,8517
AP,BANAGANAPALLE,8515
AP,DRONACHALAM,8516
AP,GUDUR (KODUMUR),8525
AP,KOILKUNTLA,8510
AP,KURNOOL,8518
AP,NANDIKOTKUR,8513
AP,NANDYAL,8514
AP,PATTIKONDA,8520
AP,PEAPALLE,8522
AP,SRISAILAM,8524
AP,ACHAMPET,8541
AP,ALAMPUR,8502
AP,AMANGALLU,8545
AP,ATMAKUR,8504
AP,GADWAL,8546
AP,KALWAKURTHY,8549
AP,KODANGAL,8505
AP,KOLLAPUR,8501
AP,MAHABUBNAGAR,8542
AP,MAKTHAL,8503
AP,NAGARKURNOOL,8540
AP,NARAYANPET,8506
AP,SHADNAGAR,8548
AP,WANAPARTHY,8543
AP,BHONGIR,8685
AP,CHANDOOR,8681
AP,DEVARAKONDA,8691
AP,HAZURNAGAR,8683
AP,MIRYALGUDA,8689
AP,NALGONDA,8682
AP,NAMPALLE,8692
AP,NIDAMANUR (HILLCOLONY),8680
AP,RAMANNAPET,8694
AP,SURYAPET,8684
AP,THUNGATURTHY,8693
AP,ATMAKUR,8627
AP,CHEJERLA,8628
AP,GUDUR,8624
AP,KAVALI,8626
AP,KOVVUR,8622
AP,NELLORE,861
AP,RAPUR (PODALAKUR),8621
AP,SULLURPET,8623
AP,UDAYGIRI,8620
AP,VENKATGIRI,8625
AP,VINJAMURU,8629
AP,ARMOOR,8463
AP,BANSWADA,8466
AP,BODHAN,8467
AP,DICHPALLI,8461
AP,KAMAREDDY,8468
AP,MADNUR,8464
AP,NIZAMABAD,8462
AP,YELLAREDDY,8465
AP,CHIRALA,8594
AP,CUMBUM,8406
AP,DARSI,8407
AP,DONAKONDA,8408
AP,GIDDALUR,8405
AP,KANDUKURU,8598
AP,KANIGIRI,8402
AP,MARKAPUR,8596
AP,MARTURU,8404
AP,MEDARMETLA,8593
AP,ONGOLE,8592
AP,PAMURU,8490
AP,PODILI,8499
AP,ULVAPADU,8599
AP,YERRAGONDAPALEM,8403
AP,AMALAPURAM,8856
AP,CHAVITIDIBBALU,8863
AP,KAKINADA,884
AP,,8855
AP,PEDDAPURAM,8852
AP,PITHAPURAM,8869
AP,RAJAHMUNDRI,883
AP,RAMACHANDRAPURAM,8857
AP,RAMPACHODAVARAM,8864
AP,RAZOLE,8862
AP,TUNI,8854
AP,YELAVARAM,8865
AP,YELESWARAM,8868
AP,ANDOLE (JOGIPET),8450
AP,GAJWEL,8454
AP,MEDAK,8452
AP,NARAYANKHED,8456
AP,NARSAPUR,8458
AP,SANGAREDDY,8455
AP,SIDDIPET,8457
AP,ZAHIRABAD,8451
AP,PALAKONDA (RAJAM),8941
AP,PATHAPATNAM (HIRAMANDALAM),8946
AP,SOMPETA,8947
AP,SRIKAKULAM,8942
AP,TEKKALI (PALASA),8945
AP,BANDAR (MACHILIPATNAM),8672
AP,DIVI (CHALLAPALLI),8671
AP,GUDIVADA,8674
AP,JAGGAYYAPET,8654
AP,KAIKALURU,8677
AP,MYLAVARAM,8659
AP,NANDIGAMA,8678
AP,NUZVIDU,8656
AP,TIRIVURU,8673
AP,VIJAYAWADA,866
AP,VUYYURU,8676
AP,ANAKAPALLE,8924
AP,ARAKU,8936
AP,BHEEMUNIPATNAM,8933
AP,CHINTAPALLE,8937
AP,CHODAVARAM,8934
AP,NARSIPATNAM,8932
AP,PADERU,8935
AP,SILERU,8938
AP,VISAKHAPATNAM,891
AP,YELAMANCHILI,8931
AP,BOBBILI,8944
AP,CHEPURUPALLI (GARIVIDI),8952
AP,GAJAPATHINAGARAM,8965
AP,PARVATHIPURAM,8963
AP,SALURU,8964
AP,,8966
AP,VIZAYANAGARAM,8922
AP,CHERIAL,8710
AP,ETURNAGARAM,8717
AP,JANGAON,8716
AP,MAHABUBBAD,8719
AP,MULUG,8715
AP,NARASAMPET,8718
AP,PARKAL,8713
AP,WARANGAL,870
AP,WARDHANNAPET (GHANAPUR),8711
AS,ABHAYAPURI,3669
AS,BIJNI,3668
AS,BILASIPARA,3667
AS,DHUBRI,3662
AS,GOALPARA,3663
AS,KOKRAJHAR,3661
AS,BARAMA,3623
AS,BARPETA ROAD,3666
AS,BOKO,3621
AS,GUWAHATI,361
AS,HAJO,3664
AS,NALBARI,3624
AS,TARABARIHAT,3665
AS,BOKAKHAT,3776
AS,GOLAGHAT,3774
AS,JORHAT,376
AS,MAJULI,3775
AS,MARIANI,3771
AS,SIBSAGAR,3772
AS,BAITHALANGSHU,3677
AS,BOKAJAN,3675
AS,DIPHU,3671
AS,HAFLONG,3673
AS,HOJAI,3674
AS,HOWRAGHAT,3676
AS,MAIBONG,3670
AS,MORIGAON,3678
AS,NAGAON,3672
AS,HAILAKANDI,3844
AS,KARIMGANJ,3843
AS,SILCHAR,3842
AS,VDARBONDH,3841
AS,GOHPUR,3715
AS,MANGALDOI,3713
AS,RANGAPARA,3714
AS,TEZPUR,3712
AS,UDALGURI,3711
AS,BIHUPURIA,3759
AS,DHAKUAKHANA,3758
AS,DHEMAJI,3753
AS,DIBRUGARH,373
AS,DIGBOI,3751
AS,MORANHAT,3754
AS,NORTH LAKHIMPUR,3752
AS,SADIYA,3756
AS,TINSUKHIA,374
BR,ARRAH,6182
BR,BUXAR,6183
BR,DUMRAON,6323
BR,PIRO,6181
BR,AMARPUR,6420
BR,BANKA,6424
BR,BHAGALPUR,641
BR,KAHALGAON,6429
BR,KATORIA,6425
BR,NAUGACHIA,6421
BR,CHAPRA,6152
BR,EKMA,6155
BR,GOPALGANJ,6156
BR,HATHUA,6150
BR,MAHARAJGANJ,6153
BR,MAIRWA,6157
BR,MASRAKH,6159
BR,SIDHAWALIA,6151
BR,SIWAN,6154
BR,SONEPUR,6158
BR,BARAUNI,6279
BR,BEGUSARAI,6243
BR,BENIPATTI,6271
BR,BENIPUR,6242
BR,DALSINGHSARAI,6278
BR,DARBHANGA,6272
BR,GOGRI,6245
BR,JAINAGAR,6246
BR,JHAJHARPUR,6273
BR,KHAGARIA,6244
BR,MADHUBANI,6276
BR,PHULPARAS,6277
BR,ROSERA,6275
BR,SAMASTIPUR,6274
BR,SINGHWARA,6247
BR,BERMO,6549
BR,BOKARO,6542
BR,DHANBAD,326
BR,GOMIA,6544
BR,GOVINDPUR,6540
BR,ARWAL,6337
BR,AURANGABAD,6186
BR,DAUDNAGAR,6328
BR,GAYA,631
BR,IMAMGANJ,6331
BR,JAHANABAD,6114
BR,NABINAGAR,6332
BR,NAWADA,6324
BR,PAKRIBARWAN,6325
BR,RAFIGANJ,6327
BR,RAJAULI,6336
BR,SHERGHATI,6326
BR,WAZIRGANJ,6322
BR,ARARIA,6453
BR,BANMANKHI,6467
BR,BARSOI,6451
BR,DHAMDAHA,6462
BR,FORBESGANJ,6455
BR,KATIHAR,6452
BR,KISHANGANJ,6466
BR,KORHA,6457
BR,PURNEA,6454
BR,RANIGANJ,6461
BR,THAKURGANJ,6459
BR,CHAKAI,6347
BR,H.KHARAGPUR,6342
BR,JAMUI,6345
BR,JHAJHA,6349
BR,LAKHISARAI,6346
BR,MALLEHPUR,6348
BR,MONGHYR,6344
BR,SEIKHPURA,6341
BR,ARERAJ,6258
BR,BAGAHA,6251
BR,BARACHAKIA,6257
BR,BETTIAH,6254
BR,DHAKA,6250
BR,MOTIHARI,6252
BR,NARKATIAGANJ,6253
BR,PAKRIDAYAL,6259
BR,RAMNAGAR,6256
BR,RAXAUL,6255
BR,BIDUPUR,6229
BR,HAJIPUR,6224
BR,MAHUA,6227
BR,MOTIPUR,6223
BR,MUZAFFARPUR,621
BR,PUPRI,6228
BR,SHEOHAR,6222
BR,SITAMARHI,6226
BR,BARH,6132
BR,BIHARSHARIF,6112
BR,BIKRAM,6135
BR,DANAPUR,6115
BR,HILSA,6111
BR,PATNA,612
BR,BIRPUR,6471
BR,MADHEPURA,6476
BR,S.BAKHTIARPUR,6475
BR,SAHARSA,6478
BR,SUPAUL,6473
BR,TRIVENIGANJ,6477
BR,UDAKISHANGANJ,6479
BR,ADHAURA,6180
BR,BHABHUA,6189
BR,BIKRAMGANJ,6185
BR,MOHANIA,6187
BR,ROHTAS,6188
BR,SASARAM,6184
BR,BALUMATH,6568
BR,BARWADIH,6567
BR,BHANDARIA,6581
BR,BHAWANATHPUR,6563
BR,BISHRAMPUR,6584
BR,CHAINPUR,6586
BR,DALTONGANJ,6562
BR,GARHWA,6561
BR,GARU,6569
BR,JAPLA,6566
BR,LATEHAR,6565
BR,NAGARUTARI,6564
BR,PATAN,6560
BR,DEOGHAR,6432
BR,DUMKA,6434
BR,GODDA,6422
BR,JAMTARA,6433
BR,JHARMUNDI,6431
BR,KATHIKUND,6427
BR,MADHUPUR,6438
BR,MAHAGAMA,6437
BR,MAHESHPUR RAJ,6423
BR,NALA,6428
BR,PAKUR,6435
BR,RAJMAHAL,6426
BR,SAHIBGANJ,6436
BR,BAGODAR,6557
BR,BARHI,6543
BR,BARKAGAON,6551
BR,CHATRA,6541
BR,CHAVPARAN,6547
BR,DUMRI(ISRIBAZAR),6558
BR,GIRIDIH,6532
BR,HAZARIBAGH,6546
BR,HUNTERGANJ,6550
BR,ICHAK,6548
BR,JHUMARITALAIYA,6534
BR,MANDU,6545
BR,RAJDHANWAR,6554
BR,RAMGARH,6553
BR,SIMARIA,6559
BR,TISRI,6556
BR,BAHARAGORA,6594
BR,CHAIBASA,6582
BR,CHAKARDHARPUR,6587
BR,CHANDIL,6591
BR,GHATSILA,6585
BR,JAGARNATHPUR,6588
BR,JAMSHEDPUR,657
BR,JHINKPANI,6589
BR,KHARSAWA,6583
BR,MANOHARPUR,6593
BR,NOAMUNDI,6596
BR,SARAIKELA (ADSTYAPUR),6597
BR,BASIA,6533
BR,BOLWA,6539
BR,BUNDU,6530
BR,CHAINPUR,6535
BR,GHAGHRA,6523
BR,GUMLA,6524
BR,ITKI,6529
BR,KHUNTI,6528
BR,KOLEBIRA,6527
BR,LOHARDAGA,6526
BR,MANDAR,6531
BR,MURI,6522
BR,PALKOT,6536
BR,RANCHI,651
BR,SIMDEGA,6525
BR,TORPA,6538
BY,MUMBAI,22
BY,NAVI MUMBAI (TURBHE),215
GJ,AHEMDABAD LOCAL,79
GJ,BAREJA,2718
GJ,BARWALA,2711
GJ,DEHGAM,2716
GJ,DHANDHUKA,2713
GJ,DHOLKA,2714
GJ,GANDHI NAGAR,2712
GJ,SANAND,2717
GJ,VIRAMGAM,2715
GJ,AMRELI,2792
GJ,BABRA,2791
GJ,DAMNAGAR,2793
GJ,DHARI,2797
GJ,KUNKAWAV,2796
GJ,RAJULA,2794
GJ,SAVARKUNDLA,2845
GJ,AMOD,2641
GJ,ANKLESHWAR,2646
GJ,BHARUCH,2642
GJ,DEDIAPADA,2649
GJ,JAMBUSAR,2644
GJ,JHAGADIA,2645
GJ,RAJPIPLA,2640
GJ,VALIA,2643
GJ,BHAVNAGAR,278
GJ,BOTAD,2849
GJ,GADHADA,2847
GJ,GARIADHAR,2843
GJ,MAHUVA,2844
GJ,PALITANA,2848
GJ,SIHOR,2846
GJ,TALAJA,2842
GJ,VALLABHIPUR,2841
GJ,ANJAR (GANDHIDHAM),2836
GJ,BHACHAV,2837
GJ,BHUJ,2832
GJ,GOGODAR,2806
GJ,KHAVDA,2803
GJ,KUTCHMANDVI,2834
GJ,LAKHPAT,2839
GJ,MUNDRA,2838
GJ,NAKHATRANA,2835
GJ,NALIA,2831
GJ,RAHPAR,2830
GJ,SUMRASAR,2808
GJ,DAHOD,2673
GJ,DEVGADHBARIA,2678
GJ,GODHRA,2672
GJ,HALOL,2676
GJ,JHALOD,2679
GJ,LIMKHEDA,2677
GJ,LUNAVADA,2674
GJ,SANTRAMPUR,2675
GJ,SHEHRA,2670
GJ,BAYAD,2779
GJ,BHILODA,2771
GJ,HIMATNAGAR,2772
GJ,IDAR,2778
GJ,KHEDBRAHMA,2775
GJ,MALPUR,2773
GJ,MODASA,2774
GJ,PRANTIJ,2770
GJ,BHANVAD,2896
GJ,DHROL,2897
GJ,JAMJODHPUR,2898
GJ,JAMKALYANPUR,2891
GJ,JAMNAGAR,288
GJ,JODIA,2893
GJ,KALAWAD,2894
GJ,KHAMBHALIA,2833
GJ,LALPUR,2895
GJ,OKHA,2892
GJ,JUNAGARH,285
GJ,KESHOD,2871
GJ,KODINAR,2795
GJ,KUTIYANA,2804
GJ,MALIA-HATINA,2870
GJ,MANAVADAR,2874
GJ,MANGROL,2878
GJ,PORBANDER,286
GJ,RANAVAV,2801
GJ,TALALA,2877
GJ,UNA-DIU,2875
GJ,VANTHALI,2872
GJ,VERAVAL,2876
GJ,VISAVADAR,2873
GJ,CHANASMA,2734
GJ,HARIJ,2733
GJ,KALOL,2764
GJ,KHERALU,2761
GJ,MEHSANA,2762
GJ,PATAN,2766
GJ,SIDHPUR,2767
GJ,VIJAPUR,2763
GJ,VISNAGAR,2765
GJ,ANAND,2692
GJ,BALASINOR,2690
GJ,BORSAD,2696
GJ,KAPAD WANJ,2691
GJ,KHAMBAT,2698
GJ,KHEDA,2694
GJ,NADIAD,268
GJ,RETLAD,2697
GJ,THASRA,2699
GJ,DANTA,2749
GJ,DEESA,2744
GJ,DEODAR,2735
GJ,DHANERA,2748
GJ,PALANPUR,2742
GJ,RADHANPUR,2746
GJ,SANTALPUR,2738
GJ,THARA,2747
GJ,THARAD,2737
GJ,VADGAM,2739
GJ,VAV,2740
GJ,DHORAJI,2824
GJ,GONDAL,2825
GJ,JASDAN,2821
GJ,JETPUR,2823
GJ,KOTDASANGHANI,2827
GJ,MALIYA MIYANA,2829
GJ,MORVI,2822
GJ,PADDHARI,2820
GJ,RAJKOT,281
GJ,UPLETA,2826
GJ,WANKANER,2828
GJ,BARDOLI,2622
GJ,FORTSONGADH,2624
GJ,M.M.MANGROL,2629
GJ,MANDVI,2623
GJ,NIZAR,2628
GJ,SAYAN,2621
GJ,SURAT,261
GJ,VALOD,2625
GJ,VYARA,2626
GJ,CHOTILA,2751
GJ,DASADA,2757
GJ,DHRANGADHRA,2754
GJ,HALVAD,2758
GJ,LAKHTAR,2759
GJ,LIMBDI,2753
GJ,MULI,2756
GJ,SAYLA,2755
GJ,SURENDRANAGAR,2752
GJ,CHHOTA UDAIPUR,2669
GJ,DABHOI,2663
GJ,MIYAGAM,2666
GJ,NASWADI,2661
GJ,PADRA,2662
GJ,PAVIJETPUR,2664
GJ,SANKHEDA,2665
GJ,SAVLI,2667
GJ,VADODARA,265
GJ,WAGHODIA,2668
GJ,AHWA,2631
GJ,BANSADA,2630
GJ,BILLIMORA,2634
GJ,DHARAMPUR,2633
GJ,NAVSARI,2637
GJ,VALSAD,2632
GJ,VAPI,260
HA,AMBALA,171
HA,BARARA,1731
HA,CHAAHARAULI,1735
HA,JAGADHARI,1732
HA,KALKA,1733
HA,NARAINGARH,1734
HA,FARIDABAD,129
HA,FEROJPUR,1268
HA,GURGAON,124
HA,NUH,1267
HA,PALWAL,1275
HA,ADAMPUR MANDI,1669
HA,BARWALA,1693
HA,DABWALI,1668
HA,ELLENABAD,1698
HA,FATEHABAD,1667
HA,HANSI,1663
HA,HISSAR,1662
HA,KALANWALI,1696
HA,RATIA,1697
HA,SIRSA,1666
HA,TOHANA,1692
HA,JIND,1681
HA,JULANA,1683
HA,NARWANA,1684
HA,SAFIDON,1686
HA,ASSANDH,1749
HA,CHEEKA,1743
HA,GHARAUNDA,1748
HA,KAITHAL,1746
HA,KARNAL,184
HA,KURUKSHETRA,1744
HA,NILOKHERI,1745
HA,PANIPAT,180
HA,PEHOWA,1741
HA,BAWAL,1284
HA,JATUSANA,1281
HA,KOSLI,1259
HA,MOHINDERGARH,1285
HA,NARNAUL,1282
HA,REWARI,1274
HA,BAHADURGARH,1276
HA,BAWANIKHERA,1254
HA,BHIWANI,1664
HA,CHARKHIDADRI,1250
HA,JHAJJAR,1251
HA,KALANAUR,1258
HA,LOHARU,1252
HA,MEHAM,1257
HA,ROHTAK,1262
HA,SIWANI,1255
HA,TOHSHAM,1253
HA,GOHANA,1263
HA,SONIPAT,130
HP,AMB,1976
HP,BILASPUR,1978
HP,HAMIRPUR,1972
HP,UNA,1975
HP,PANGI (KILLAR),1897
HP,BHARMOUR,1895
HP,CHAMBA,1899
HP,CHURAH (TISSA),1896
HP,DEHRA GOPIPUR,1970
HP,KANGRA (DHARAMSALA),1892
HP,NURPUR,1893
HP,PALAMPUR,1894
HP,BANJAR,1903
HP,KULLU,1902
HP,LAHUL (KEYLONG),1900
HP,NIRMAND,1904
HP,SPITI (KAZA),1906
HP,UDAIPUR,1909
HP,JOGINDERNAGAR,1908
HP,MANDI,1905
HP,SUNDERNAGAR,1907
HP,KALPA,1786
HP,POOH,1785
HP,RAMPUR BUSHAHAR,1782
HP,ROHRU,1781
HP,SHIMLA,177
HP,THEOG,1783
HP,ARKI,1796
HP,NAHAN,1702
HP,NALAGARH,1795
HP,PAONTA,1704
HP,RAJGARH,1799
HP,SOLAN,1792
JK,AKHNOOR,1924
JK,BASHOLI,1921
JK,JAMMU,191
JK,KATHUA,1922
JK,SAMBA,1923
JK,KARGIL,1985
JK,LEH,1982
JK,NOBRA,1980
JK,NYOMA,1981
JK,ZANASKAR,1983
JK,KALAKOT,1964
JK,NOWSHERA,1960
JK,POONCH,1965
JK,RAJOURI,1962
JK,ANANTNAG,1932
JK,BADGAM,1951
JK,BANDIPUR,1957
JK,BARAMULLA,1952
JK,KARNAH,1958
JK,KULGAM,1931
JK,KUPWARA,1955
JK,PAHALGAM,1936
JK,PULWAMA,1933
JK,SOPORE,1954
JK,SRINAGAR,194
JK,URI,1956
JK,BEDARWAH,1997
JK,DODA,1996
JK,KISHTWAR,1995
JK,MAHORE,1999
JK,RAMBAN,1998
JK,RAMNAGAR,1990
JK,REASI,1991
JK,UDHAMPUR,1992
KL,ALLEPPEY,477
KL,MAVELIKKARA,479
KL,SHERTALLAI,478
KL,BADAGARA,496
KL,CALICUT,495
KL,KALPETTA,4936
KL,MANANTHODY,4935
KL,MANJERI,483
KL,NILAMBUR,4931
KL,PERINTHALMANNA,4933
KL,TIRUR,494
KL,CANNANORE,497
KL,KANHANGAD,4997
KL,KASARGODE,4994
KL,PAYYANUR,4985
KL,TALIPARAMBA,4982
KL,TELLICHERRY,490
KL,UPPALA,4998
KL,ADIMALY,4864
KL,ERNAKULAM,484
KL,MUNNAR,4865
KL,MUVATTUPUZHA,485
KL,NEDUMGANDAM,4868
KL,PEERMEDU,4869
KL,THODUPUZHA,4862
KL,AGATHY,4894
KL,AMINI,4891
KL,ANDROTH,4893
KL,BITRA,4890
KL,CHETLAT,4899
KL,KADAMATH,4897
KL,KALPENI,4895
KL,KAVARATHY,4896
KL,KILTAN,4898
KL,MINICOY,4892
KL,KANJIRAPALLY,4828
KL,KOTTAYAM,481
KL,PALAI,4822
KL,VAIKOM,4829
KL,ALATHUR,4922
KL,KODUVAYUR,4923
KL,MANNARGHAT,4924
KL,PALGHAT,491
KL,SHORANUR,4926
KL,KARUNAGAPALLY,476
KL,PUNALUR,475
KL,QUILON,474
KL,ATTINGAL,470
KL,NEDUMANDAD,4728
KL,THIRUVANANTHAPURAM,471
KL,ADOOR,4734
KL,PATHANAMTHITTA,4733
KL,RANNI,4735
KL,TIRUVALLA,469
KL,IRINJALAKUDA,480
KL,KUNNAMKULAM,4885
KL,TRICHUR,487
KL,VADAKKANCHERY,4884
KT,ANEKAL,8110
KT,BANGALORE,80
KT,CHANNAPATNA,8113
KT,DODDABALLAPUR,8119
KT,HOSAKOTE,8111
KT,KANAKAPURA,8117
KT,NELAMANGALA,8118
KT,AINAPUR,8339
KT,ATHANI,8289
KT,BAILHONGAL,8288
KT,BELGAUM,831
KT,CHIKKODI,8338
KT,GOKAK,8332
KT,HUKKERI (SANKESHWAR),8333
KT,KHANAPUR,8336
KT,MUDALGI,8334
KT,MURUGOD,8337
KT,RAIBAG (KUDCHI),8331
KT,RAMDURG,8335
KT,SAUNDATTI,8330
KT,BELLARY,8392
KT,H.B.HALLI,8397
KT,HARAPANAHALLI,8398
KT,HOSPET,8394
KT,HUVINAHADAGALI,8399
KT,KUDLIGI,8391
KT,KURUGODU,8393
KT,SANDUR,8395
KT,SIRUGUPPA,8396
KT,AURAD,8485
KT,BASAVAKALYAN,8481
KT,BHALKI,8484
KT,BIDAR,8482
KT,HUMNABAD,8483
KT,BABLESHWAR,8355
KT,BADAMI,8357
KT,BAGALKOT,8354
KT,BASAVANABAGEWADI,8358
KT,BIJAPUR,8352
KT,BILIGI,8425
KT,CHADCHAN,8422
KT,DEVARAHIPPARGI,8424
KT,HUNGUND,8351
KT,INDI,8359
KT,JAMKHANDI,8353
KT,MUDDEBIHAL,8356
KT,MUDHOL,8350
KT,SINDAGI,8488
KT,TELGI,8426
KT,CHIKMAGALUR,8262
KT,KADUR,8267
KT,KOPPA,8265
KT,MUDIGERE,8263
KT,NARSIMHARAJAPUR,8266
KT,TARIKERE,8261
KT,BANTWAL,8255
KT,BELTHANGADY,8256
KT,HEBRI,8253
KT,KARKALA,8258
KT,KUNDAPUR,8254
KT,MANGALORE,824
KT,PUTTUR,8251
KT,SHANKARNARAYANA,8259
KT,SULLIA,8257
KT,UDUPI,820
KT,CHALLAKERE,8195
KT,CHITRADURGA,8194
KT,DAVANGERE,8192
KT,HIRIYUR,8193
KT,HOLALKERE,8191
KT,HOSADURGA,8199
KT,JAGALUR,8196
KT,MOLKALMURU,8198
KT,TALLAK,8190
KT,AFZALPUR,8470
KT,ALAND,8477
KT,CHINCHOLI,8475
KT,CHITTAPUR,8474
KT,GULBARGA,8472
KT,HUNSAGI,8444
KT,JEWARGI,8442
KT,KAMALAPUR,8478
KT,MASHAL,8471
KT,NIMBURGA,8440
KT,SEDAM,8441
KT,SHAHAPUR,8479
KT,SHORAPUR,8443
KT,WADI,8476
KT,YADGIRI,8473
KT,ALUR,8170
KT,ARSIKERE,8174
KT,BELUR,8177
KT,CANNARAYAPATNA,8176
KT,HASSAN,8172
KT,HOLENARASIPUR,8175
KT,SAKLESHPUR,8173
KT,GADAG,8372
KT,HANGAL,8379
KT,HAVERI,8375
KT,HIREKERUR,8376
KT,HUBLI,836
KT,KALGHATAGI,8370
KT,KUNDGOL,8304
KT,MUNDARGI,8371
KT,NARGUND,8377
KT,NAVALGUND,8380
KT,RANEBENNUR,8373
KT,RON,8381
KT,SAVANUR,8378
KT,SHIRAHATTI,8487
KT,MADIKERI,8272
KT,SOMWARPET,8276
KT,VIRAJPET,8274
KT,BAGEPALLI,8150
KT,BANGARPET,8153
KT,CHIKKABALLAPUR,8156
KT,CHINTAMANI,8154
KT,GOWRIBIDANUR,8155
KT,KOLAR,8152
KT,MALUR,8151
KT,MULBAGAL,8159
KT,SIDLAGHATTA,8158
KT,SRINIVASAPUR,8157
KT,KRISHNARAJAPET,8230
KT,MALAVALLI,8231
KT,MANDYA,8232
KT,NAGAMANGALA,8234
KT,PANDAVPURA,8236
KT,CHAMRAJNAGAR,8226
KT,COWDAHALLI,8225
KT,GUNDLUPET,8229
KT,H.D.KOTE,8228
KT,HUNSUR,8222
KT,K.R.NAGAR,8223
KT,KOLLEGAL,8224
KT,MYSORE,821
KT,NANJANGUD,8221
KT,T.NARSIPUR,8227
KT,DEODURGA,8531
KT,GANGAVATHI,8533
KT,KOPPAL,8539
KT,KUSTAGI,8536
KT,LINGSUGUR,8537
KT,MANVI,8538
KT,RAICHUR,8532
KT,SINDHANUR,8535
KT,YELBURGA,8534
KT,BASAVAPATNA,8180
KT,BHADRAVATI,8282
KT,CHANNAGIRI,8189
KT,HONNALI,8188
KT,HOSANAGARA,8185
KT,KARGAL,8186
KT,SAGAR,8183
KT,SHIKARIPURA,8187
KT,SHIMOGA,8182
KT,SORAB,8184
KT,THIRTHAHALLI,8181
KT,CHIKKANAYAKANAHALLI,8133
KT,GUBBI,8131
KT,KORATAGERI,8138
KT,KUNIGAL,8132
KT,MADUGIRI,8137
KT,PAVAGADA,8136
KT,SIRA,8135
KT,TIPTUR,8134
KT,TUMKUR,816
KT,TURUVEKERE,8139
KT,ANKOLA,8388
KT,BHATKAL,8385
KT,HALIYAL,8284
KT,HONNAVAR,8387
KT,JOIDA,8383
KT,KARWAR,8382
KT,KUMTA,8386
KT,MUNDAGOD,8301
KT,SALKANI,8283
KT,SIDDAPUR,8389
KT,SIRSI,8384
KT,YELLAPUR,8419
MH,AHMEDNAGAR,241
MH,AKOLE,2424
MH,JAMKHED,2421
MH,KARJAT,2489
MH,KOPARAGON,2423
MH,NEWASA,2427
MH,PARNER,2488
MH,PATHARDI,2428
MH,RAHURI,2426
MH,SANGAMNER,2425
MH,SHEVGAON,2429
MH,SHRI RAMPUR,2422
MH,SHRIGONDA,2487
MH,AKOLA,724
MH,AKOT,7258
MH,BALAPUR,7257
MH,BARSHI TAKLI,7255
MH,MALGAON,7254
MH,MANGRULPUR,7253
MH,MURTIZAPUR,7256
MH,RISOD,7251
MH,WASHIM,7252
MH,ACHALPUR,7223
MH,AMRAVATI,721
MH,CHANDURBAZAR,7227
MH,CHANDURRLY,7222
MH,CHHIKALDARA,7220
MH,DARYAPUR,7224
MH,DHARANI,7226
MH,MORSHI,7228
MH,NANDGAON,7221
MH,TIWASA,7225
MH,WARLYDWARUD,7229
MH,AURANGABAD,2432
MH,GANGAPUR,2433
MH,GOLEGAON,2439
MH,KANNAD,2435
MH,KHULTABAD,2437
MH,PAITHAN,2431
MH,SILLOD,2430
MH,SOYEGAON,2438
MH,VIJAPUR,2436
MH,AMAGAON,7189
MH,ARJUNI-MEROGAON,7196
MH,BHANDARA,7184
MH,DEORI,7199
MH,GONDIA,7182
MH,GOREGAON,7187
MH,LAKHANDUR,7181
MH,MOHADI,7197
MH,PAUNI,7185
MH,SAKOLI,7186
MH,SALEKASA,7180
MH,TIRORA,7198
MH,TUMSAR,7183
MH,AMBEJOGAI,2446
MH,ASHTI,2441
MH,BHIR,2442
MH,GEVRAI,2447
MH,KAIJ,2445
MH,MANJALEGAON,2443
MH,PATODA,2444
MH,BULDHANA,7262
MH,CHIKHALI,7264
MH,DEOLGAONRAJA,7261
MH,JALGAONJAMOD,7266
MH,KHAMGAON,7263
MH,LONAR,7260
MH,MALKAPUR,7267
MH,MEKHAR,7268
MH,NANDNVA,7279
MH,SINDKHEDARAJA,7269
MH,BHADRAWATI,7175
MH,BRAHMAPURI,7177
MH,CHANDRAPUR,7172
MH,CHUMUR,7170
MH,GOND PIPRI,7171
MH,MUL,7174
MH,NAGBHIR,7179
MH,RAJURA,7173
MH,SINDERWAHI,7178
MH,WARORA,7176
MH,DHADGAON,2595
MH,DHULE,2562
MH,KUSUMBA,2560
MH,NANDURBAR,2564
MH,NAVAPUR,2569
MH,PIMPALNER,2561
MH,SAKRI,2568
MH,SHAHADA,2565
MH,SHIRPUR,2563
MH,SINDKHEDA,2566
MH,TALODA,2567
MH,AHERI,7133
MH,BHAMREGADH,7134
MH,CHAMORSHI,7135
MH,DESAIGANJ,7137
MH,DHANORA,7138
MH,ETAPALLI,7136
MH,GADCHIROLI,7132
MH,KURKHEDA,7139
MH,SIRONCHA,7131
MH,AMALNER,2587
MH,BHUSAWAL,2582
MH,CHALISGAON,2589
MH,CHOPDA,2586
MH,EDALABAD,2583
MH,ERANDUL,2588
MH,JALGAON,257
MH,JAMNER,2580
MH,PACHORA,2596
MH,PAROLA,2597
MH,RAVER,2584
MH,YAWAL,2585
MH,AMBAD,2483
MH,BHOKARDAN,2485
MH,JALNA,2482
MH,NER,2481
MH,PARTUR,2484
MH,BASSEIN,250
MH,BHIWANDI,2522
MH,DAHANU,2528
MH,JAWAHAR,2520
MH,KALYAN,251
MH,MOKHADA,2529
MH,MURBAD,2524
MH,PALGHAR,2525
MH,SHAHAPUR,2527
MH,TALASARI,2521
MH,WADA,2526
MH,AJARA,2323
MH,BHUDARGAD (GARGOTI),2599
MH,CHANDGAD,2320
MH,GADHINGLAJ,2327
MH,GAGANBAVADA,2326
MH,,2324
MH,KAGAL (MURGUD),2325
MH,KOLHAPUR,231
MH,PANHALA,2328
MH,RADHANAGAR,2321
MH,SHAHUWADI (MALAKAPUR),2329
MH,SHIROL (JALSINGPUR),2322
MH,DEOGAD,2364
MH,KANKAVALI,2367
MH,KUDAL,2362
MH,MALWAN,2365
MH,SAWANTWADI,2363
MH,VENGURLA,2366
MH,AHMEDPUR,2381
MH,AUSA,2383
MH,LATUR,2382
MH,NILANGA,2384
MH,UDGIR,2385
MH,BHIWAPUR,7106
MH,BUTIBORI,7103
MH,HINGUA,7104
MH,KALMESHWAR,7118
MH,KAMPTEE,7109
MH,KATOL,7112
MH,KUHI,7100
MH,MOUDA,7115
MH,NAGPUR,712
MH,NARKHED,7105
MH,PARSEONI,7102
MH,RAMTEK,7114
MH,SAONER,7113
MH,UMRER,7116
MH,BHOKAR,2467
MH,BILLOLI,2465
MH,DEGLOOR,2463
MH,DELHI TANDA,2460
MH,HADGAON,2468
MH,KANDHAR,2466
MH,KINWAT,2469
MH,MUKHED,2461
MH,NANDED,2462
MH,CHANWAD,2556
MH,DINDORI,2557
MH,IGATPURI,2553
MH,KALWAN,2592
MH,MALEGAON,2554
MH,MANMAD,2591
MH,NANDGAON,2552
MH,NASIKCITY,253
MH,NIPHAD,2550
MH,PEINT,2558
MH,SATANA,2555
MH,SINNAR,2551
MH,SURGENA,2593
MH,TRIMBAK,2594
MH,UMRANE,2598
MH,YEOLA,2559
MH,BHOOM,2478
MH,KALLAM,2473
MH,OMERGA,2475
MH,OSMANABAD,2472
MH,PARANDA,2477
MH,TULJAPUR,2471
MH,CANACONA (QUEPEM),8346
MH,MARGAO,8342
MH,PANJI,832
MH,PONDA,8343
MH,SANGUEM,8345
MH,BASMATNAGAR,2454
MH,GANGAKHED,2453
MH,HINGOLI,2456
MH,JINTDOR,2457
MH,KALAMNURI,2455
MH,PARBHANI,2452
MH,PATHARI,2451
MH,ALIBAGH,2141
MH,KARJAT,2148
MH,KHOPOLI,2192
MH,MAHAD,2145
MH,MAHASALA,2149
MH,MANGAON,2140
MH,MURUD,2144
MH,PALI,2142
MH,PEN,2143
MH,POLADPUR,2191
MH,ROHA,2194
MH,SHRIVARDHAN,2147
MH,BARAMATI,2112
MH,BHOR,2113
MH,CHINCHWAD,212
MH,DAUND,2117
MH,INDAPUR,2111
MH,JUNNAR,2132
MH,KEDGAON,2119
MH,KHADAKWASALA,230
MH,LONAVALA,2114
MH,MANCHAR,2133
MH,NAHAVARA,2137
MH,PIRANGUT,2139
MH,PUNE,20
MH,RAJGURUNAGAR,2135
MH,SASWAD,2115
MH,SHIRUR,2138
MH,URLIKANCHAN,2136
MH,VELHE,2130
MH,WALCHANDNAGAR,2118
MH,CHIPLUN,2355
MH,DAPOLI,2358
MH,GUHAGAR,2359
MH,KHED,2356
MH,LANGA,2351
MH,MADANGAD,2350
MH,MALGUND,2357
MH,RAJAPUR,2353
MH,RATNAGIRI,2352
MH,,2354
MH,ATPADI,2343
MH,ISLAMPUR,2342
MH,JATH,2344
MH,KAVATHEMANKAL,2341
MH,SANGLI,233
MH,SHIRALA,2345
MH,TASGAON,2346
MH,VITA,2347
MH,DHIWADI,2165
MH,KARAD,2164
MH,KOREGAON,2163
MH,MAHABALESWAR,2168
MH,MAHASWAD,2373
MH,MEDHA,2378
MH,PATAN,2372
MH,PHALTAN,2166
MH,PUSEGAON,2375
MH,SAKARWADI,2160
MH,SATARA,2162
MH,SHIRWAL,2169
MH,VADUJ,2161
MH,WAI,2167
MH,WATHAR,2371
MH,AKKALKOT,2181
MH,BARSI,2184
MH,KARMALA,2182
MH,MADHA,2183
MH,MALSURAS,2185
MH,MANGALWEDHA,2188
MH,MOHOL,2189
MH,PANDHARPUR,2186
MH,SANGOLA,2187
MH,SHOLAPUR,217
MH,ARVI,7157
MH,DEOLI,7158
MH,HINGANGHAT,7153
MH,SAMUDRAPUR,7151
MH,SELOO,7155
MH,TALEGAOKARANGAL,7156
MH,WARDHA,7152
MH,BABHULGAON,7203
MH,DARWAHA,7238
MH,DIGRAS,7234
MH,GHATANJI,7230
MH,KALAMB,7201
MH,MAREGAON,7236
MH,MARIGAON,7237
MH,PANDHARKAWADA,7235
MH,PUSAD,7233
MH,RALEGAON,7202
MH,UMARKHED,7231
MH,WANI,7239
MH,YEOTMAL,7232
MP,BARPALLI,7813
MP,BILASPUR,7752
MP,CHANDIPARA,7818
MP,DABHARA,7758
MP,JANJGIR,7817
MP,KATHGHORA,7815
MP,KORBA,7759
MP,KOTA,7753
MP,LORMI,7756
MP,MARWAHI,7750
MP,MUNGELI,7755
MP,PALI,7816
MP,PANDARIA,7754
MP,PANDISHANKAR,7819
MP,PASAN,7811
MP,PENDRA,7751
MP,SHAKTI,7757
MP,UPRODA,7810
MP,BALOD,7749
MP,BEMETARA,7824
MP,BERLA,7825
MP,BODLA,7740
MP,CHHURIAKALA,7745
MP,CHUIKHADAN,7743
MP,DALLIRAJHARA,7748
MP,DHAMDA,7821
MP,DONGARGARH,7823
MP,DURG,788
MP,KAWARDHA,7741
MP,KHAIRAGARH,7820
MP,MANPUR,7746
MP,MOHLA,7747
MP,PATAN,7826
MP,RAJANDGAON,7744
MP,ANTAGARH,7847
MP,BACHELI,7857
MP,BADERAJPUR,7849
MP,BASTANAR,7862
MP,BHAIRONGARH,7789
MP,BHANUPRATAPPUR,7850
MP,BHOPALPATNAM,7851
MP,BIJAPUR,7853
MP,BOKABAND,7867
MP,CHINGAMUT,7863
MP,CHINGMUT,7855
MP,DANTEWADA,7856
MP,DURGAKONDAL,7843
MP,GARPA,7846
MP,GOGUNDA,7865
MP,ILAMIDI,7854
MP,JAGDALPUR,7782
MP,JARWA,7787
MP,KANKER,7868
MP,KESKAL,7848
MP,KONDAGAON,7786
MP,KONTA,7866
MP,KOYELIBEDA,7840
MP,KUAKUNDA,7858
MP,LOHADIGUNDAH,7859
MP,LUCKWADA,7788
MP,MAKODI,7785
MP,NARAINPUR,7781
MP,NETANAR,7861
MP,PADAMKOT,7783
MP,PAKHANJUR,7844
MP,PARASGAON,7784
MP,SARONA,7841
MP,SUKMA,7864
MP,TOYNAR,7852
MP,BAGICHA,7769
MP,DHARAMJAIGARH,7766
MP,GHARGHODA,7767
MP,JASHPURNAGAR,7763
MP,KUNKURI,7764
MP,PATHALGAON,7765
MP,RAIGARH,7762
MP,SARANGGARH,7768
MP,TAPKARA,7761
MP,ARANG,7720
MP,BAGBAHERA,7707
MP,BALODABAZAR,7727
MP,BASANA,7724
MP,BHATAPARA,7726
MP,BHILAIGARH,7729
MP,DEOBHOG,7704
MP,DHAMTARI,7722
MP,GARIABAND,7706
MP,KASDOL,7728
MP,KURUD,7705
MP,MAHASAMUND,7723
MP,MANPUR,7703
MP,NAGRI,7700
MP,NEORA,7721
MP,PINGESHWAR,7701
MP,RAIPUR,771
MP,SARAIPALI,7725
MP,AMBIKAPUR,7774
MP,BAIKUNTHPUR,7836
MP,BALRAMPUR,7831
MP,BHARATHPUR,7835
MP,KATHDOL,7770
MP,MANENDRAGARH,7771
MP,ODGI,7773
MP,PRATAPPUR,7777
MP,PREMNAGAR,7776
MP,RAJPUR,7832
MP,RAMCHANDRAPUR,7779
MP,SEMARIA,7778
MP,SITAPUR,7834
MP,SURAJPUR,7775
MP,UDAIPUR,7833
MP,WADRAINAGAR,7772
MP,BAIHAR,7636
MP,BALAGHAT,7632
MP,BIRSA,7637
MP,DAMOH,7638
MP,KATANGI,7630
MP,LAMTA,7634
MP,LANJI,7635
MP,WARASEONI,7633
MP,ATNER,7144
MP,BETUL,7141
MP,BHAINSDEHI,7143
MP,BHIMPUR,7142
MP,CHICHOLI,7145
MP,GHORANDOGRI,7146
MP,MULTAI,7147
MP,PRABHA PATTAN,7148
MP,ASHTA,7560
MP,BERASIA,7565
MP,BHOPAL,755
MP,BUDHNI,7564
MP,ICHHAWAR,7561
MP,NASRULLAGANJ,7563
MP,SEHORE,7562
MP,BADAMALHERA,7689
MP,BALDEOGARH,7684
MP,BIJAWAR,7608
MP,BUXWAHA,7609
MP,CHHATARPUR,7682
MP,GOURIHAR,7688
MP,JATARA,7681
MP,KHAJURAHO,7686
MP,LAUNDI,7687
MP,NIWARI,7680
MP,NOWGAON,7685
MP,TIKAMGARH,7683
MP,AMARWADA,7167
MP,BATKAKHAPA,7169
MP,CHAURAI,7166
MP,CHHINDWARA,7162
MP,HARRAI,7168
MP,JAMAI,7160
MP,PANDHURNA,7164
MP,PARASIA,7161
MP,SAUNSAR,7165
MP,TAMIA,7149
MP,DAMOH,7812
MP,HATTA,7604
MP,JABERA,7606
MP,PATERA,7605
MP,PATHARIA,7601
MP,TENDUKHEDA,7603
MP,BAGLI,7271
MP,DEWAS,7272
MP,KANNOD,7273
MP,KHATEGAON,7274
MP,SONKATCH,7270
MP,BADNAWAR,7295
MP,DHAR,7292
MP,DHARAMPURI,7294
MP,KUKSHI,7297
MP,MANAWAR,7291
MP,SARDARPUR,7296
MP,ARONE,7545
MP,ASHOKNAGAR,7543
MP,BAMORI,7540
MP,CHACHAURA,7546
MP,CHANDERI,7547
MP,GUNA,7542
MP,ISAGARH,7541
MP,MUNGAOLI,7548
MP,RAGHOGARH,7544
MP,BHANDER,7523
MP,BHITARWAR,7525
MP,DABRA,7524
MP,DATIA,7522
MP,GHATIGAON,7526
MP,GWALIOR,751
MP,SEONDHA,7521
MP,DEPALPUR,7322
MP,INDORE,731
MP,MHOW,7324
MP,SANWER,7321
MP,HARDA,7577
MP,HOSHANGABAD,7574
MP,ITARSI,7572
MP,KHIRKIYA,7571
MP,PACHMARHI,7578
MP,PIPARIA,7576
MP,SEONIMALWA,7570
MP,SOHAGPUR,7575
MP,TIMARANI,7573
MP,JABALPUR,761
MP,KATNI,7622
MP,KUNDAM,7623
MP,PATAN,7621
MP,SIHORA,7624
MP,UMARIAPAN,7625
MP,VIJAYRAGHOGARH,7626
MP,ALIRAJPUR,7394
MP,JHABUA,7392
MP,JOBAT,7393
MP,PETLAWAD,7391
MP,SONDHWA,7395
MP,THANDLA,7390
MP,BALDI,7326
MP,BURHANPUR,7325
MP,HARSUD,7327
MP,KHAKNER,7329
MP,KHALWA,7328
MP,KHANDWA,733
MP,PANDHANA,7320
MP,PUNASA,7323
MP,BADWANI,7290
MP,BARWAHA,7280
MP,BHIKANGAON,7288
MP,GOGAON,7287
MP,KASRAWAD,7285
MP,KHARGONE,7282
MP,KHETIA,7286
MP,MAHESHWAR,7283
MP,RAJPUR,7284
MP,SENDHWA,7281
MP,ZHIRNIA,7289
MP,BIJADANDI,7643
MP,DINDORI,7644
MP,GHUGHARI,7647
MP,KAKAIYA,7649
MP,KARANJIA,7645
MP,MANDLA,7642
MP,MAWAI,7648
MP,NAINPUR,7646
MP,NIWAS,7641
MP,SHAHPUR,7640
MP,BHANPURA,7427
MP,GAROTH,7425
MP,JAWAD,7420
MP,MALHARGARH,7424
MP,MANASA,7421
MP,MANDSAUR,7422
MP,NEEMUCH,7423
MP,SITAMAU,7426
MP,AMBAH,7538
MP,BARODA,7531
MP,BHIND,7534
MP,BIJAYPUR,7528
MP,GOHAD,7539
MP,JORA,7537
MP,KARHAL,7533
MP,LAHER,7529
MP,MEHGAON,7527
MP,MORENA,7532
MP,RAGHUNATHPUR,7535
MP,SABALGARH,7536
MP,SHEOPURKALAN,7530
MP,BABAICHICHLI,7790
MP,GADARWARA,7791
MP,GOTEGAON,7794
MP,KARELI,7793
MP,NARSINGHPUR,7792
MP,AJAIGARH,7730
MP,GUNNORE,7731
MP,PANNA,7732
MP,PAWAI,7733
MP,SHAHNAGAR,7734
MP,BARELI,7486
MP,BEGAMGANJ,7487
MP,GAIRATGANJ,7481
MP,GOHARGANJ,7480
MP,RAISEN,7482
MP,SILWANI,7484
MP,UDAIPURA,7485
MP,BIAORA,7374
MP,KHILCHIPUR,7370
MP,NARSINGHARH,7375
MP,RAJGARH,7372
MP,SARANGPUR,7371
MP,ALOT,7410
MP,JAORA,7414
MP,RATLAM,7412
MP,SAILANA,7413
MP,HANUMANA,7664
MP,MAUGANJ,7663
MP,REWA,7662
MP,SIRMOUR,7660
MP,TEONTHAR,7661
MP,BANDA,7583
MP,BINA,7580
MP,DEORI,7586
MP,KHURAI,7581
MP,RAHATGARH,7584
MP,REHLI,7585
MP,SAGAR,7582
MP,AMARPATAN,7675
MP,JAITWARA,7671
MP,MAIHAR,7674
MP,MAJHAGWAN,7670
MP,NAGOD,7673
MP,SATNA,7672
MP,CHHAPARA,7691
MP,GHANSOUR,7693
MP,GOPALGANJ,7695
MP,KEOLARI,7694
MP,LAKHNADON,7690
MP,SEONI,7692
MP,BANDHAVGARH,7653
MP,BEOHARI,7650
MP,BIRSINGHPUR,7655
MP,JAISINGHNAGAR,7651
MP,JAITHARI,7659
MP,JAITPUR,7657
MP,KANNODI,7656
MP,KARPA,7628
MP,KOTMA,7658
MP,MANPUR,7627
MP,PUSHPRAJGARH,7629
MP,SHAHDOL,7652
MP,AGAR,7362
MP,BERCHHA,7363
MP,SHAJAPUR,7364
MP,SHUJALPUR,7360
MP,SUSNER,7361
MP,BADARWAS,7495
MP,KARERA,7493
MP,KHANIADHANA,7497
MP,KOLARAS,7494
MP,NARWAR,7491
MP,PICHHORE,7496
MP,POHARI,7490
MP,SHIVPURI,7492
MP,CHITRANGI,7806
MP,CHURHAT,7802
MP,DEOSAR,7801
MP,KUSMI,7804
MP,MAJHOLI,7803
MP,SIDHI,7822
MP,SINGRAULI,7805
MP,BADNAGAR,7367
MP,GHATIA,7368
MP,KHACHROD,7366
MP,MAHIDPURCITY,7365
MP,TARANA,7369
MP,UJJAIN,734
MP,GANJBASODA,7594
MP,GYRASPUR,7596
MP,KURWAI,7593
MP,LATERI,7590
MP,NATERAN,7595
MP,SIRONJ,7591
MP,VIDISHA,7592
ND,NEW DELHI,11
NE,SEPPA,3787
NE,TALI,3790
NE,TALIHA,3791
NE,TAWANG,3794
NE,TEZU,3804
NE,TUTING,3799
NE,YANGKIYANG,3777
NE,MECHUKA,3793
NE,ALONG,3783
NE,ANINI,3801
NE,BAMENG,3785
NE,BASAR,3795
NE,CHANGLANG,3808
NE,CHOWKHEM,3806
NE,DAPORIZO,3792
NE,DIRANG,3780
NE,HAYULIANG,3805
NE,HURI,3789
NE,ITANAGAR,360
NE,JAIRAMPUR,3800
NE,KALAKTUNG (BOMDILA),3782
NE,KHONSA,3786
NE,KOLARING,3788
NE,MARIYANG,3798
NE,MIAO,3807
NE,NEFRA,3784
NE,PAKKEKESANG,3778
NE,PANGIN,3797
NE,PASSIGHAT,368
NE,ROING-I,3803
NE,ROING-II (ARDA),3802
NE,ROING-III (MARISO),3779
NE,SAGALEE,3809
NE,TURA,3651
NE,WILLIAMNAGAR,3658
NE,BISHENPUR,3879
NE,CHAKPIKARONG,3878
NE,CHANDEL,3872
NE,CHURCHANDPUR,3874
NE,IMPHAL,385
NE,JIRIBAM,3876
NE,MAO (KORANG),3871
NE,SADARHILLS (KANGPOKAI),3880
NE,TAMENGLONG,3877
NE,THINGHAT,3873
NE,THONBAL,3848
NE,UKHRUL CENTRAL,3845
NE,UKHRURSOUTH (KASSEMKHULEN),3870
NE,AMLAREN (DAWKI),3653
NE,BAGHMARA,3639
NE,CHERRAPUNJEE,3637
NE,DADENGIRI (PHULBARI),3650
NE,JOWAI,3652
NE,KHLIEHRIAT,3655
NE,MAIRANG,3657
NE,MAWKYRWAT,3656
NE,NONGPOH,3638
NE,NONGSTOIN,3654
NE,,3659
NE,SHILLONG,364
NE,AIZAWAL-I,389
NE,AIZWAL-II (SERCHIP),3838
NE,CHAMPA-I,3831
NE,CHAMPAI-II (CHIAPUI),3830
NE,DEMAGIRI,3834
NE,KOLASIB,3837
NE,LUNGLEH,372
NE,SAIHA-I,3835
NE,SAIHA-II (TUIPANG),3836
NE,DIMAPUR,3862
NE,JALUKIE,3839
NE,KIPHIRE,3863
NE,KOHIMA,370
NE,MOKOKCHUNG,369
NE,MON,3869
NE,PHEK,3865
NE,TUENGSANG,3861
NE,WOKHA,3860
NE,ZUENHEBOTO,3867
NE,AGARTALA,381
NE,AMBASA,3826
NE,BELONIA,3823
NE,DHARAM NAGAR,3822
NE,KAILSAHAR,3824
NE,KHOWAI,3825
NE,R.K.PUR,3821
OR,BALANGIR,6652
OR,BIRMAHARAJPUR,6651
OR,DUNGURIPALI,6653
OR,KANTABHANJI,6657
OR,PATNAGARH,6648
OR,SONAPUR,6654
OR,TITLAGARH,6655
OR,BALASORE,6782
OR,BASTA,6781
OR,BHADRAK,6784
OR,CHANDBALI,6786
OR,SORO,6788
OR,BANGIRIPOSI,6791
OR,BARIPADA,6792
OR,BETANATI,6793
OR,JASHIPUR,6797
OR,KARANJIA,6796
OR,RAIRANGPUR,6794
OR,UDALA,6795
OR,ASKA,6822
OR,BERHAMPUR,680
OR,BHANJANAGAR,6821
OR,BUGUDA,6818
OR,CHHATRAPUR,6811
OR,DIGAPAHANDI,6814
OR,KHALIKOTE,6810
OR,MOHANA,6816
OR,PARLAKHEMUNDI,6815
OR,R.UDAYIGIRI,6817
OR,SURADA,6819
OR,BHAWANIPATNA,6670
OR,DHARAMGARH,6672
OR,JAYAPATNA,6673
OR,KOMANA,6679
OR,M.RAMPUR,6676
OR,NARLAROAD,6677
OR,NOWPARATAN,6678
OR,RAJKHARIAR,6671
OR,T.RAMPUR,6675
OR,BALUGAON,6756
OR,BHUBANESHWAR,674
OR,DASPALLA,6757
OR,KHURDA,6755
OR,NAYAGARH,6753
OR,NIMAPARA,6758
OR,PURI,6752
OR,ATHGARH,6723
OR,CUTTACK,671
OR,DHANMANDAL,6725
OR,JAGATSINGHPUR,6724
OR,JAJAPUR ROAD,6726
OR,JAJAPUR TOWN,6728
OR,KENDRAPARA,6727
OR,NARSINGHPUR,6721
OR,PARDIP,6722
OR,PATTAMUNDAI,6729
OR,ANANDAPUR,6731
OR,ANUGUL,6764
OR,ATHMALLIK,6763
OR,BARBIL,6767
OR,CHHENDIPADA,6761
OR,DHENKANAL,6762
OR,GHATGAON,6733
OR,HINDOL,6732
OR,KAMAKHYANAGAR,6769
OR,KEONJHAR,6766
OR,PALLA HARA,6765
OR,PARAJANG,6768
OR,TALCHER,6760
OR,TELKOI,6735
OR,BISAM CUTTACK,6863
OR,BORIGUMA,6860
OR,GUDARI,6862
OR,GUNUPUR,6857
OR,JEYPORE,6854
OR,JHARIGAN,6867
OR,KALIMELA,6850
OR,KASHIPUR,6865
OR,KORAPUT,6852
OR,LAXMIPUR,6855
OR,MALKANGIRI,6861
OR,MATHILI,6864
OR,MOTU,6859
OR,NANDAPUR,6868
OR,NOWRANGAPUR,6858
OR,PAPADHANDI,6869
OR,RAYAGADA,6856
OR,SUNABEDA,6853
OR,UMERKOTE,6866
OR,BALIGUDA,6846
OR,BOUDH,6841
OR,DARINGBADI,6849
OR,G.UDAYAGIRI,6847
OR,KANTAMAL,6844
OR,KOTAGARH,6848
OR,PHIRINGIA,6845
OR,PHULBANI,6842
OR,PURUNA KATAK,6843
OR,TUMUDIBANDHA,6840
OR,ATTABIRA,6682
OR,BAGDIHI,6640
OR,BARGARH,6646
OR,BARKOT,6643
OR,DEODGARH,6641
OR,JAMANKIRA,6649
OR,JHARSUGUDA,6645
OR,JUJUMURA,6681
OR,KUCHINDA,6642
OR,NAKTIDEUL,6647
OR,PADMAPUR,6683
OR,PAIKAMAL,6684
OR,RAIRAKHOL,6644
OR,SAMBALPUR,663
OR,SOHELA,6685
OR,BANAIGARH,6626
OR,HEMGIRI,6621
OR,LAHUNIPARA,6625
OR,RAJGANGPUR,6624
OR,ROURKELA,661
OR,SUNDARGARH,6622
PB,AJNALA,1858
PB,AMRITSAR,183
PB,GOINDWAL,1859
PB,PATTI,1851
PB,RAYYA,1853
PB,TARAN TARAN,1852
PB,BHATINDA,164
PB,MANSA,1652
PB,PHULMANDI,1651
PB,RAMAN,1655
PB,SARDULGARH,1659
PB,CHANDIGARH,172
PB,ABOHAR,1634
PB,FARIDAKOT,1639
PB,FAZILKA,1638
PB,FEROZEPUR,1632
PB,GURUHARSAHAI,1685
PB,KOTKAPURA,1635
PB,MALAUT,1637
PB,MOGA,1636
PB,MUKTASAR,1633
PB,ZIRA,1682
PB,BALACHAUR,1885
PB,DASUA,1883
PB,GARHASHANKER,1884
PB,HOSHIARPUR,1882
PB,TANDA URMAR,1886
PB,JALLANDHAR,181
PB,KAPURTHALA,1822
PB,NAKODAR,1821
PB,NAWANSHAHAR,1823
PB,PHAGWARA,1824
PB,PHILLAUR,1826
PB,SULTANPUR LODHI,1828
PB,JAGRAON,1624
PB,LUDHIANA,161
PB,SAMRALA,1628
PB,BATALA,1871
PB,DINANAGAR,1875
PB,GURDASPUR,1874
PB,JUGIAL,1870
PB,PATHANKOT,186
PB,QUADIAN,1872
PB,NABHA,1765
PB,PATIALA,175
PB,RAJPURA,1762
PB,SAMANA,1764
PB,SARHIND,1763
PB,KHARAR,160
PB,NANGAL,1887
PB,ROPAR,1881
PB,BARNALA,1679
PB,MALERKOTLA,1675
PB,SANGRUR,1672
PB,SUNAM,1676
RJ,AJMER,145
RJ,BEAWAR,1462
RJ,KEKRI (E),1467
RJ,KEKRI (W) (BHINAI),1466
RJ,,1497
RJ,KISHANGARH (S),1463
RJ,NASIRABAD,1491
RJ,SARWAR,1496
RJ,ALWAR,144
RJ,BANSUR,1461
RJ,BEHROR,1494
RJ,KISHANGARHBAS (KHAIRTHAL),1460
RJ,LAXMANGARH (KHERLI),1492
RJ,MANDAWAR,1495
RJ,RAJGARH,1464
RJ,RAMGARH,1468
RJ,THANAGHAZI,1465
RJ,TIJARA (N) (BHIWADI),1493
RJ,TIJARA (S),1469
RJ,ASPUR,2967
RJ,BAGIDORA,2968
RJ,BANSWARA,2962
RJ,DUNGARPUR,2964
RJ,GERHI (PARTAPUR),2963
RJ,GHATOL,2961
RJ,KUSHALGARH,2965
RJ,SAGWARA,2966
RJ,BARMER(C),2982
RJ,BARMER (E) (GUDDA),2983
RJ,BARMER (N) (KANOT),2902
RJ,BARMER (S) SINDARI,2984
RJ,,2986
RJ,BARMER (W) (RAMSAR),2985
RJ,CHOHTAN (N),2989
RJ,CHOHTAN (S) (GANGASAR),2903
RJ,PACHPADRA (E) (KORNA),2980
RJ,PACHPADRA (W) (BALOTRA),2988
RJ,SHEO (E),2987
RJ,SHEO (W) (HARSANI),2981
RJ,SIWANA (E) (SAMDARI),2900
RJ,SIWANA (W),2901
RJ,BARI,5647
RJ,BASERI,5646
RJ,BAYANA,5648
RJ,BHARATPUR,5644
RJ,DEEG,5641
RJ,DHOLPUR,5642
RJ,KAMAN,5640
RJ,NADBAI,5643
RJ,RUPBAS,5645
RJ,ASIND,1480
RJ,BANERA,1487
RJ,BHILWARA,1482
RJ,HURDA (GULABPURA),1483
RJ,JAHAZPUR,1485
RJ,KOTRI,1488
RJ,MANDAL,1486
RJ,MANDALGARH,1489
RJ,RAIPUR,1481
RJ,SHAHAPURA,1484
RJ,BIKANER(C) (JAIMALSAR),1521
RJ,BIKANER (E) (JAMSAR),1522
RJ,BIKANER (N) (CHHATARGARH),1520
RJ,BIKANER (S),151
RJ,BIKANER (W) (POOGAL),1523
RJ,KOLAYAT-I (GODDO),1533
RJ,KOLAYAT-II,1534
RJ,KOLAYAT-III (BAJJU),1535
RJ,KOLAYAT-IV (DAITRA),1536
RJ,LUNKARANSAR-I (KANHOLI),1529
RJ,,1527
RJ,LUNKARANSAR-II (MAHAJAN),1526
RJ,LUNKARANSAR-IV,1528
RJ,NOKHA (E),1531
RJ,NOKHA (W) (NATHUSAR),1532
RJ,BUNDI,747
RJ,HINDOLI,7436
RJ,KESHORAIPATAN (PATAN),7438
RJ,NAINWA,7437
RJ,BARISADRI,1473
RJ,BEGUN(N),1474
RJ,BEGUN(S) (RAWATBHATA),1475
RJ,CHITTORGARH,1472
RJ,DUNGLA,1470
RJ,KAPASAN,1476
RJ,NIMBAHERA,1477
RJ,PRATAPGARH (N),1478
RJ,PRATAPGARH (S) (ARNOD),1479
RJ,RASHMI,1471
RJ,CHURU,1562
RJ,RAJGARH,1559
RJ,RATANGARH,1567
RJ,SARDARSHAHAR (S),1564
RJ,,1563
RJ,SRIDUNGARGARH (N)- DUNGARGH,1565
RJ,,1566
RJ,SUJANGARH(C) (BIDASAR),1560
RJ,SUJANGARH (E),1568
RJ,SUJANGARH (W) (LALGARH),1569
RJ,TARANAGAR,1561
RJ,AMBER (CHOMU),1423
RJ,BASSI,1429
RJ,BASWA (BANDIKUI),1420
RJ,DAUSA,1427
RJ,DUDU,1428
RJ,JAIPUR,141
RJ,JAMWA-RAMGARH (ACHROL),1426
RJ,KOTPUTLI,1421
RJ,LALSOT,1431
RJ,PHAGI,1430
RJ,PHULERA (E) (RENWAL),1424
RJ,PHULERA (W) (SAMBHAR),1425
RJ,VIRATNAGAR (SHAHPURA),1422
RJ,JAISALMER-1 (RAMGARH),2991
RJ,JAISALMER-10 (KHURI),3014
RJ,JAISALMER-11 (JAISALMER),2992
RJ,JAISALMER-12 (DEVIKOT),2993
RJ,JAISALMER-13 (MYAJLAR),3015
RJ,,3016
RJ,JAISALMER-2 (SADHNA),3018
RJ,JAISALMER-3 (NEHDAI),2999
RJ,JAISALMER-4 (SHAHGARH),3010
RJ,JAISALMER-5 (KHUIYALS),2998
RJ,JAISALMER-6 (PASEWAR),3011
RJ,JAISALMER-7 (MOHARGARH),2997
RJ,JAISALMER-8 (MEHSANA),3012
RJ,JAISALMER-9 (DHANAUA),3013
RJ,POKRAN-1 (NACHNA),2995
RJ,POKRAN-2 (MADASAR),3017
RJ,POKRAN-3 (LOHARKI),2996
RJ,POKRAN-4 (POKRAN),2994
RJ,POKRAN-5 (PHALSOOND),3019
RJ,AKLERA,7431
RJ,GANGDHAR,7435
RJ,JHALAWAR,7432
RJ,KHANPUR,7430
RJ,PACHPAHAR (BHAWANIMANDI),7433
RJ,PIRAWA (RAIPUR),7434
RJ,CHIRAWA,1596
RJ,JHUNJHUNU (N) (BISSAU),1595
RJ,JHUNJHUNU (S),1592
RJ,KHETRI,1593
RJ,UDAIPURWATI,1594
RJ,BILARA (N) (BHOPALGARH),2920
RJ,BILARA (S) (PIPARCITY),2930
RJ,JODHPUR (E),291
RJ,JODHPUR (W) (JHANWAR),2931
RJ,OSIAN (E) (DHANWARA),2927
RJ,OSIAN (N),2922
RJ,OSIAN (S) (MATHANIA),2926
RJ,PHALODI (E) (LOHAWAT),2923
RJ,PHALODI (N) (BAP),2921
RJ,PHALODI (S),2925
RJ,PHALODI (W) (BAROO),2924
RJ,SHERGARH (N) (BALESAR),2929
RJ,SHERGARH (N) (DEECHU),2928
RJ,ATRU,7451
RJ,BARAN,7453
RJ,CHHABRA,7452
RJ,CHHIPABORAD,7454
RJ,DIGOD (SULTANPUR),7455
RJ,,7456
RJ,LADPURA  (KOTA),744
RJ,MANGROL,7457
RJ,PIPALDA (SUMERGANJ MANDI),7458
RJ,RAMGANJ MANDI,7459
RJ,SAHABAD,7460
RJ,SANGOD,7450
RJ,DEEDWANA,1580
RJ,DEGANA,1587
RJ,JAYAL,1583
RJ,LADNUN,1581
RJ,MERTA (E)  (MERTA-CITY),1590
RJ,MERTA (W)  (GOTAN),1591
RJ,,1584
RJ,NAGAUR (N),1582
RJ,NAGAUR (W) (KHINWSAR),1585
RJ,NAWA (KUCHAMANCITY),1586
RJ,PARBATSAR (N) (MAKRANA),1588
RJ,PARBATSAR (S),1589
RJ,BALI (N)  (SUMERPUR),2933
RJ,BALI (S),2938
RJ,DESURI (RANI),2934
RJ,JAITARAN,2939
RJ,MARWAR-Jn,2935
RJ,PALI (N) (ROHAT),2936
RJ,PALI (S),2932
RJ,RAIPUR,2937
RJ,SOJAT (SOJAT-CITY),2960
RJ,BAMANWAS,7467
RJ,BONLI,7466
RJ,GANGAPUR,7463
RJ,HINDAUN,7469
RJ,KARAULI,7464
RJ,KHANDAR,7468
RJ,MAHUWA,7461
RJ,SAPOTRA,7465
RJ,SAWAIMADHOPUR,7462
RJ,,1576
RJ,DANTARAMGARH (W),1577
RJ,FATEHPUR,1571
RJ,LAXMANGARH (E),1573
RJ,LAXMANGARH (W) (NECHWA),1570
RJ,NEEM KA THANA,1574
RJ,SIKAR,1572
RJ,SRIMADHOPUR,1575
RJ,ABU ROAD,2974
RJ,AHORE,2978
RJ,BHINMAL (N),2969
RJ,BHINMAL (S) (JASAWANTPURA),2990
RJ,JALORE,2973
RJ,JALORE (W) (SAYLA),2977
RJ,PINDWARA,2971
RJ,REODAR,2975
RJ,SANCHORE (E),2979
RJ,SANCHORE (W) (HADECHA),2970
RJ,SHEOGANJ (POSALIYAN),2976
RJ,SIROHI,2972
RJ,ANUPGARH (E),1498
RJ,ANUPGARH (W) (GHARSANA),1506
RJ,BHADRA,1504
RJ,HANUMANGARH,1552
RJ,NOHAR(C) (RAWATSAR),1537
RJ,NOHAR (E),1555
RJ,NOHAR (W) (JEDASAR),1502
RJ,PADAMPUR,1505
RJ,RAISINGHNAGAR,1507
RJ,SADULSHAHAR,1503
RJ,SANGARIA,1499
RJ,SRIGANGANAGAR,154
RJ,SRIKARANPUR,1501
RJ,,1508
RJ,SURATGARH (S),1509
RJ,TIBBI,1539
RJ,DEOLI,1434
RJ,MALPURA,1437
RJ,NEWAI,1438
RJ,TODARAISINGH,1433
RJ,TONK (N) (PIPLOO),1435
RJ,TONK (S),1432
RJ,UNIAYARA,1436
RJ,AMET,2908
RJ,BHIM (N),2951
RJ,BHIM (S) (DAWER),2909
RJ,DEOGARH,2904
RJ,DHARIAWAD,2950
RJ,GIRWA (UDAIPUR),294
RJ,GOGUNDA,2956
RJ,JHADOL,2959
RJ,KHERWARA,2907
RJ,KOTRA,2958
RJ,,2954
RJ,MALVI (FATEHNAGAR),2955
RJ,NATHDWARA,2953
RJ,RAJSAMAND (KANKORLI),2952
RJ,SALUMBER,2906
RJ,SARADA (CHAWAND),2905
RJ,VALLABHNAGAR,2957
TN,CHENGALPATTU,4114
TN,KANCHEEPURAM,4112
TN,MADURANTAGAM,4115
TN,PONNERI,4119
TN,SRIPERUMPUDUR,4111
TN,TIRUTTANI,4118
TN,TIRUVELLORE,4116
TN,CHENNAI,44
TN,ANAMALAI,4253
TN,AVANASHI,4296
TN,COIMBATORE,422
TN,METTUPALAYAM,4254
TN,PALLADUM,4255
TN,POLLACHI,4259
TN,TIRUPUR,421
TN,UDUMALPET,4252
TN,ARAKANDANALLUR,4153
TN,CHIDAMBARAM,4144
TN,CUDDALORE,4142
TN,GINGEE,4145
TN,KALLKURICHI,4151
TN,TINDIVANAM,4147
TN,ULUNDURPET,4149
TN,VILLUPURAM,4146
TN,VIRUDHACHALAM,4143
TN,DENKANIKOITAH,4347
TN,DHARMAPURI,4342
TN,HARUR,4346
TN,HOSUR,4344
TN,KRISHNAGIRI,4343
TN,PALACODE,4348
TN,UTHANGARAI,4341
TN,BHAVANI,4256
TN,DHARAMPURAM,4258
TN,ERODE,424
TN,GOBICHETTIPALAYAM,4285
TN,KANGAYAM,4257
TN,KODUMUDI,4204
TN,MULANUR,4202
TN,PERUNDURAI,4294
TN,SATHIYAMANGALAM,4295
TN,DEVAKOTTAI,4561
TN,KARAIKUDI,4565
TN,MANAMADURAI,4574
TN,MUDUKULATHUR,4576
TN,PARAMAKUDI,4564
TN,RAMANATHPURAM,4567
TN,RAMESHWARAM,4573
TN,SIVAGANGA,4575
TN,TIRUPATHUR,4577
TN,BATLAGUNDU,4543
TN,CUMBUM,4554
TN,DINDIGUL,451
TN,KODAIKANAL,4542
TN,MADURAI,452
TN,NATHAM,4544
TN,ODDANCHATRAM,4553
TN,PALANI,4545
TN,THENI,4546
TN,THIRUMANGLAM,4549
TN,USILIAMPATTI,4552
TN,VEDASANDUR,4551
TN,KUZHITHURAI,4651
TN,NAGERCOIL,4652
TN,GUDALUR,4262
TN,KOTAGIRI,4266
TN,OOTACAMUND,423
TN,PONDICHERRY,413
TN,ATTUR,4282
TN,METTURDAM,4298
TN,NAMAKKAL,4286
TN,OMALUR,4290
TN,RASIPURAM,4287
TN,SALEM,427
TN,SANKAGIRI,4283
TN,TIRUCHENGODE,4288
TN,VALAPADY,4292
TN,VELUR,4268
TN,YERCAUD,4281
TN,KARAIKAL,4368
TN,KUMBAKONAM,435
TN,MANNARGUDI,4367
TN,MAYILADUTHURAI,4364
TN,NAGAPATTINAM,4365
TN,ORATHANAD,4372
TN,PAPANASAM,4374
TN,PATTUKOTTAI,4373
TN,THANJAVUR,4362
TN,THIRURAIPOONDI,4369
TN,TIRUVARUR,4366
TN,AMBASAMUDRAM,4634
TN,NANGUNERI,4635
TN,SANKARAN KOIL,4636
TN,TENKASI,4633
TN,TIRUNELVELLI,462
TN,VALLIYOOR,4637
TN,ARANTANGI,4371
TN,ARAVAKURICHI,4320
TN,ARIYALUR,4329
TN,JAYAMKONDAN,4331
TN,KARUR,4324
TN,KEERANUR,4339
TN,KULITHALAI,4323
TN,MANAPARAI,4332
TN,MUSIRI,4326
TN,PERAMBALUR,4328
TN,PONNAMARAVATHI,4333
TN,PUDUKKOTTAI,4322
TN,THURAIYURE,4327
TN,TRICHY,431
TN,KOVILPATTI,4632
TN,SRIVAIKUNDAM,4630
TN,TIRUCHENDUR,4639
TN,TUTICORIN,461
TN,VILATHIKULAM,4638
TN,ARKONAM,4177
TN,ARNI,4173
TN,CHENGAM,4188
TN,GUDIYATHAM,4171
TN,POLUR,4181
TN,RANIPET,4172
TN,TIRUPATTUR,4179
TN,TIRUVANNAMALAI,4175
TN,TIRUVETTIPURAM,4182
TN,VANIYAMBADI,4174
TN,VELLORE,416
TN,WANDIWASH,4183
TN,ARUPPUKOTTAI,4566
TN,RAJAPALAYAM,4563
TN,VIRUDHUNAGAR,4562
UPE,ALLAHABAD,532
UPE,BHARWARI,5331
UPE,,5333
UPE,MEJA (SIRSA),5334
UPE,PHOOLPUR,5332
UPE,SORAON,5335
UPE,AZAMGARH,5462
UPE,GHOSI,5461
UPE,LALGANJ,5463
UPE,MAUNATHBHANJAN,5464
UPE,PHULPUR-I (PHULPUR),5460
UPE,PHULPUR-II (ATRAWLIA),5465
UPE,SAGRI,5466
UPE,BAHRAICH-I (BAHRAILH),5252
UPE,BAHRAICH-II (BHINGA),5250
UPE,KAISARGANH-II (MAHASI),5255
UPE,KAISARGANJ-I (KAISERGANJ),5251
UPE,NANPARAH-II (MIHINPURWA),5254
UPE,NANPARA-I (NANPARA),5253
UPE,BALLIA-I (BALLIA),5498
UPE,BALLIA-II (RANIGANJ),5496
UPE,BANSDEEH,5494
UPE,RASARA,5491
UPE,BABERU,5190
UPE,BANDA,5192
UPE,KARVI -I (KARVI),5198
UPE,KARVI-II (MANIKPUR),5194
UPE,MAU (RAJAPUR),5195
UPE,NARAINI (ATTARRA),5191
UPE,BARABANKI,5248
UPE,FATEHPUR,5240
UPE,HAIDERGARH,5244
UPE,RAMSANEHI GHAT,5241
UPE,BANSI,5545
UPE,BASTI,5542
UPE,DOMARIYAGANJ,5541
UPE,HARRAIYA,5546
UPE,KHALILABAD -I,5547
UPE,KHALILABAD-II (MEHDAWAL),5548
UPE,NAUGARH-I (TETRIBAZAR),5544
UPE,NAUGARH-II (BARHANI),5543
UPE,CAPTANGANJ (KHADDA),5563
UPE,,5567
UPE,DEORIA,5568
UPE,PADRAUNA,5564
UPE,SALEMPUR-I (SALEMPUR),5566
UPE,SALEMPUR-II (BARHAJ),5561
UPE,AURAIYA,5683
UPE,BHARTHANA,5680
UPE,BIDHUNA,5681
UPE,ETAWAH,5688
UPE,AKBARPUR-I (AKBARPUR),5271
UPE,AKBARPUR-II (JALALPUR),5275
UPE,BIKAPUR,5270
UPE,FAIZABAD,5278
UPE,TANDA-II (BASKHARI),5274
UPE,TANDAI-I (TANDA),5273
UPE,CHHIBRAMAU,5691
UPE,FARRUKHABAD (FATEGARH),5692
UPE,KAIMGANJ,5690
UPE,KANNAUJ,5694
UPE,BINDKI,5181
UPE,FATEH-PUR-I (FATEHPUR),5180
UPE,FATEHPUR-II (GAZIPUR),5183
UPE,KHAGA,5182
UPE,GHAZIPUR,548
UPE,MOHAMDABAD,5493
UPE,SAIDPUR,5495
UPE,ZAMANIA,5497
UPE,BALARAMPUR-I (BALRAMPUR),5263
UPE,BALARAMPUR-II (TULSIPUR),5264
UPE,GONDA,5262
UPE,TARABGANJ-I (TERABGANJ),5260
UPE,,5261
UPE,UTRAULA,5265
UPE,BANSGAON -I (BANSGAON),5525
UPE,BANSGAON-II (BARHAL GANJ),5521
UPE,GORAKHPUR,551
UPE,MAHARAJGANJ,5523
UPE,,5522
UPE,PHARENDA-II (ANAND NAGAR),5524
UPE,CHARKHARI,5283
UPE,HAMIRPUR,5282
UPE,MAHOBA,5281
UPE,MAUDAHA,5284
UPE,RATH,5280
UPE,BILGAM-I (MADHOGANJ),5851
UPE,BILGRAM-II (SANDI),5855
UPE,HARDOI-I (HARDOI),5852
UPE,HARDOI-II (BAGHAVLI),5850
UPE,SANDILA,5854
UPE,SHAHABAD,5853
UPE,JAUNPUR,5452
UPE,KERAKAT,5450
UPE,MACHLISHAHAR,5454
UPE,MARIYAHU,5451
UPE,SHAHGANJ,5453
UPE,CHIRGAON (MOTH),5170
UPE,GARAUTH,5171
UPE,JHANSI,5174
UPE,LALITPUR-I (LALITPUR),5176
UPE,LALITPUR-II (TALBEHAT),5175
UPE,MAURANIPUR,5178
UPE,MEHRAUN,5172
UPE,AKBARPUR,5111
UPE,BHOGNIPUR (PAKHRAYAN),5113
UPE,BILHAUR,5112
UPE,DERAPUR (JHINJAK),5114
UPE,GHATAMPUR,5115
UPE,KANPUR,512
UPE,KHERI-I (KHERI),5872
UPE,KHERI-II (BHIRA),5870
UPE,MOHAMDI-I (MOHAMDI),5876
UPE,MOHAMDI-II (MAIGALGANJ),5875
UPE,NIGHASAN-I (PALLIAKALAN),5871
UPE,NIGHASAN-II (TIKONIA),5873
UPE,NIGHASAN-III (DHAURAHRA),5874
UPE,LUCKNOW,522
UPE,MALIHABAD,5212
UPE,BHOGAON,5673
UPE,JASRANA,5671
UPE,KARHAL,5677
UPE,MAINPURI,5672
UPE,SHIKOHABAD,5676
UPE,CHUNUR,5443
UPE,DUDHI-I (DUDHI),5447
UPE,DUDHI-II (PIPRI),5446
UPE,MIRZAPUR-I (MIRZAPUR),5442
UPE,MIRZAPUR-II (HALLIA),5440
UPE,ROBERTSGANJ -II (OBRA),5445
UPE,ROBERTSGANJ-I,5444
UPE,JALAUN,5168
UPE,KALPI,5164
UPE,KONCH,5165
UPE,ORAI,5162
UPE,KUNDA,5341
UPE,PATTI,5343
UPE,PRATAPGARH,5342
UPE,DALMAU-I (DALMAU),5317
UPE,DALMAU-II (LALGANJ),5315
UPE,RAIBARELI,535
UPE,SALON -I (SALON),5311
UPE,SALON-II (JAIS),5313
UPE,JALALABAD,5843
UPE,POWAYAN,5844
UPE,SHAHJAHANPUR,5842
UPE,TILHAR,5841
UPE,BISWAN,5863
UPE,MISRIKH -I (MISRIKH),5865
UPE,MISRIKH-II (AURANGABAD),5861
UPE,SIDHAULI (MAHMODABAD),5864
UPE,SITAPUR,5862
UPE,AMETHI,5368
UPE,KADIPUR,5364
UPE,MUSAFIRKHANA,5361
UPE,SULTANPUR,5362
UPE,HASANGANJ,5143
UPE,PURWA (BIGHAPUR),5142
UPE,SAFIPUR,5144
UPE,UNNAO,515
UPE,BHADOHI,5414
UPE,CHAKIA,5413
UPE,CHANDAULI (MUGALSARAI),5412
UPE,VARANSI,542
UPW,ACHHNERA,5613
UPW,AGRA,562
UPW,FEROZABAD,5612
UPW,JARAR,5614
UPW,ALIGARH,571
UPW,ATRAULI,5723
UPW,HATHRAS,5722
UPW,KHAIR,5724
UPW,SIKANDRA RAO,5721
UPW,BADAUN,5832
UPW,BISAULI,5834
UPW,DATAGANJ,5831
UPW,GUNNAUR,5836
UPW,SAHASWAN,5833
UPW,AONLA -I,5823
UPW,AONLA-II (RAMNAGAR),5824
UPW,BAHERI,5822
UPW,BAREILLY,581
UPW,NAWABGANJ,5825
UPW,PITAMBERPUR,5821
UPW,BIJNORE-I,1342
UPW,BIJNORE-II (CHANDPUR),1345
UPW,DHAMPUR,1344
UPW,NAGINA,1343
UPW,NAJIBABAD,1341
UPW,ALIGANJ (GANJDUNDWARA),5740
UPW,ETAH,5742
UPW,JALESAR,5745
UPW,KASGANJ,5744
UPW,BULANDSHAHR,5732
UPW,DEBAI,5734
UPW,GARHMUKTESHWAR,5731
UPW,GHAZIABAD+DADRI,120
UPW,HAPUR,122
UPW,KHURJA,5738
UPW,MODINAGAR,1232
UPW,PAHASU,5733
UPW,SIKANDRABAD,5735
UPW,SIYANA,5736
UPW,CHHATA (KOSIKALAN),5662
UPW,MANT (VRINDAVAN),5664
UPW,MATHURA,565
UPW,SADABAD,5661
UPW,BAGHPAT-II (BARAUT),1234
UPW,MAWANA,1233
UPW,MEERUT,121
UPW,SARDHANA,1237
UPW,AMROHA,5922
UPW,BILARI,5921
UPW,HASANPUR,5924
UPW,MORADABAD,591
UPW,SAMBHAL,5923
UPW,BUDHANA,1392
UPW,JANSATH (KHATAULI),1396
UPW,KAIRANA (SHAMLI),1398
UPW,MUZAFFAR NAGAR,131
UPW,BISALPUR,5881
UPW,PILIBHIT,5882
UPW,PURANPUR,5880
UPW,RAMPUR,595
UPW,SHAHABAD,5960
UPW,DEOBAND,1336
UPW,NAKUR (GANGOH),1331
UPW,SAHARANPUR,132
UPW,ALMORA,5962
UPW,BAGESHWAR,5963
UPW,CHAMPAWAT,5965
UPW,DHARCHULA,5967
UPW,MUNSIARI,5961
UPW,PITHORAGARH,5964
UPW,RANIKHET,5966
UPW,CHAKRATA (DAKPATHER),1360
UPW,DEHRADUN,135
UPW,CHAMOLI,1372
UPW,JOSHIMATH-I,1389
UPW,JOSHIMATH-II (BADRINATH),1381
UPW,KARAN PRAYAG,1363
UPW,LANSDOWN-I,1386
UPW,LANSDOWN-II (KOTDWARA),1382
UPW,LANSDOWN-III (SYUNSI),1348
UPW,PAURI-I,1368
UPW,PAURI-II (BUBAKHAL),1346
UPW,UKHIMATH (GUPTKASHI),1364
UPW,HALDWANI-I,5946
UPW,HALDWANI-II (CHORGALIAN),5945
UPW,KASHIPUR,5947
UPW,KHATIMA,5943
UPW,KHATIMA-II (SITARGANJ),5948
UPW,KICHHA-I (RUDRAPUR),5944
UPW,KICHHA-II (BAZPUR),5949
UPW,NAINITAL,5942
UPW,ROORKEE-I,1332
UPW,ROORKEE-II (HARDWAR),1334
UPW,BHATWARI-I (UTTARKASHI),1374
UPW,BHATWARI-I (GANGOTRI),1377
UPW,DEOPRAYAG-I,1378
UPW,DEOPRAYAG-II (JAKHOLI),1370
UPW,DUNDA,1371
UPW,PARTAPNAGAR,1379
UPW,PUROLA,1373
UPW,RAJGARHI,1375
UPW,TEHRI,1376
WB,ASANSOL,341
WB,BURDWAN,342
WB,DURGAPUR,343
WB,GUSKARA,3452
WB,KALNA,3454
WB,KATWA,3453
WB,SEHARABAZAR,3451
WB,BALURGHAT,3522
WB,DALKHOLA,3525
WB,GANGARAMPUR,3521
WB,HARIRAMPUR,3524
WB,ISLAMPUR (ND),3526
WB,RAIGANJ,3523
WB,BANKURA,3242
WB,BISHNUPUR,3244
WB,GANGAJALGHATI,3241
WB,KHATRA,3243
WB,BERHAMPUR,3482
WB,DHULIYAN,3485
WB,ISLAMPUR (M),3481
WB,KANDI,3484
WB,MURSHIDABAD (JIAGANJ),3483
WB,ARAMBAG,3211
WB,BASIRHAT,3217
WB,BONGOAN,3215
WB,KOLKATA,33
WB,CANNING,3218
WB,CHAMPADANGA,3212
WB,DHANIAKHALI,3213
WB,DIAMOND HARBOUR,3174
WB,HABRA,3216
WB,JAGATBALLAVPUR,3214
WB,KAKDWIP,3210
WB,COOCHBEHAR,3582
WB,DINHATA,3581
WB,MATHABHANGA,3583
WB,MEKHLIGANJ,3584
WB,DARJEELING,354
WB,KALIMPONG,3552
WB,SILIGURI,353
WB,GANGTOK,3592
WB,GAUZING (NAYABAZAR),3595
WB,ALIPURDUAR,3564
WB,BIRPARA,3563
WB,JALPAIGURI,3561
WB,KALCHINI,3566
WB,MAL BAZAR,3562
WB,NAGARAKATA,3565
WB,BETHUADAHARI,3474
WB,KARIMPUR,3471
WB,KRISHNA NAGAR,3472
WB,RANAGHAT,3473
WB,BUBULCHANDI,3511
WB,HARISHCHANDRAPUR,3513
WB,MALDA,3512
WB,AMLAGORA,3227
WB,CONTAI,3220
WB,DANTAN,3229
WB,GHATAL,3225
WB,HALDIA,3224
WB,JHARGRAM,3221
WB,KHARAGPUR,3222
WB,NAYAGARH (KULTIKRI),3223
WB,TAMLUK,3228
WB,ADRA,3251
WB,JHALDA,3254
WB,MANBAZAR,3253
WB,PURULIA,3252
WB,BOLPUR,3463
WB,NALHATI,3465
WB,RAMPUR HAT,3461
WB,SURI,3462